{
    "version": "1.4.0",
    "project": {
        "name": "piechartapp",
        "directory": "/home/ghyla/PieChartApp",
        "workspaceDir": "/home/ghyla/PieChartApp",
        "sources": [
            "/home/ghyla/PieChartApp/src/main/scala",
            "/home/ghyla/PieChartApp/src/main/scala-2.13",
            "/home/ghyla/PieChartApp/src/main/scala-2",
            "/home/ghyla/PieChartApp/src/main/java",
            "/home/ghyla/PieChartApp/target/scala-2.13/src_managed/main"
        ],
        "dependencies": [
            
        ],
        "classpath": [
            "/home/ghyla/.cache/coursier/v1/https/repo1.maven.org/maven2/org/scala-lang/scala-library/2.13.12/scala-library-2.13.12.jar",
            "/home/ghyla/.cache/coursier/v1/https/repo1.maven.org/maven2/com/typesafe/play/play_2.13/2.8.20/play_2.13-2.8.20.jar",
            "/home/ghyla/.cache/coursier/v1/https/repo1.maven.org/maven2/org/knowm/xchart/xchart/3.8.2/xchart-3.8.2.jar",
            "/home/ghyla/.cache/coursier/v1/https/repo1.maven.org/maven2/com/github/tototoshi/scala-csv_2.13/1.3.10/scala-csv_2.13-1.3.10.jar",
            "/home/ghyla/.cache/coursier/v1/https/repo1.maven.org/maven2/com/typesafe/play/build-link/2.8.20/build-link-2.8.20.jar",
            "/home/ghyla/.cache/coursier/v1/https/repo1.maven.org/maven2/com/typesafe/play/play-streams_2.13/2.8.20/play-streams_2.13-2.8.20.jar",
            "/home/ghyla/.cache/coursier/v1/https/repo1.maven.org/maven2/com/typesafe/play/twirl-api_2.13/1.5.1/twirl-api_2.13-1.5.1.jar",
            "/home/ghyla/.cache/coursier/v1/https/repo1.maven.org/maven2/org/slf4j/slf4j-api/1.7.36/slf4j-api-1.7.36.jar",
            "/home/ghyla/.cache/coursier/v1/https/repo1.maven.org/maven2/org/slf4j/jul-to-slf4j/1.7.36/jul-to-slf4j-1.7.36.jar",
            "/home/ghyla/.cache/coursier/v1/https/repo1.maven.org/maven2/org/slf4j/jcl-over-slf4j/1.7.36/jcl-over-slf4j-1.7.36.jar",
            "/home/ghyla/.cache/coursier/v1/https/repo1.maven.org/maven2/com/typesafe/akka/akka-actor_2.13/2.6.21/akka-actor_2.13-2.6.21.jar",
            "/home/ghyla/.cache/coursier/v1/https/repo1.maven.org/maven2/com/typesafe/akka/akka-actor-typed_2.13/2.6.21/akka-actor-typed_2.13-2.6.21.jar",
            "/home/ghyla/.cache/coursier/v1/https/repo1.maven.org/maven2/com/typesafe/akka/akka-slf4j_2.13/2.6.21/akka-slf4j_2.13-2.6.21.jar",
            "/home/ghyla/.cache/coursier/v1/https/repo1.maven.org/maven2/com/typesafe/akka/akka-serialization-jackson_2.13/2.6.21/akka-serialization-jackson_2.13-2.6.21.jar",
            "/home/ghyla/.cache/coursier/v1/https/repo1.maven.org/maven2/com/fasterxml/jackson/core/jackson-core/2.11.4/jackson-core-2.11.4.jar",
            "/home/ghyla/.cache/coursier/v1/https/repo1.maven.org/maven2/com/fasterxml/jackson/core/jackson-annotations/2.11.4/jackson-annotations-2.11.4.jar",
            "/home/ghyla/.cache/coursier/v1/https/repo1.maven.org/maven2/com/fasterxml/jackson/datatype/jackson-datatype-jdk8/2.11.4/jackson-datatype-jdk8-2.11.4.jar",
            "/home/ghyla/.cache/coursier/v1/https/repo1.maven.org/maven2/com/fasterxml/jackson/datatype/jackson-datatype-jsr310/2.11.4/jackson-datatype-jsr310-2.11.4.jar",
            "/home/ghyla/.cache/coursier/v1/https/repo1.maven.org/maven2/com/fasterxml/jackson/core/jackson-databind/2.11.4/jackson-databind-2.11.4.jar",
            "/home/ghyla/.cache/coursier/v1/https/repo1.maven.org/maven2/com/typesafe/play/play-json_2.13/2.8.2/play-json_2.13-2.8.2.jar",
            "/home/ghyla/.cache/coursier/v1/https/repo1.maven.org/maven2/com/google/guava/guava/30.1.1-jre/guava-30.1.1-jre.jar",
            "/home/ghyla/.cache/coursier/v1/https/repo1.maven.org/maven2/io/jsonwebtoken/jjwt/0.9.1/jjwt-0.9.1.jar",
            "/home/ghyla/.cache/coursier/v1/https/repo1.maven.org/maven2/jakarta/xml/bind/jakarta.xml.bind-api/2.3.3/jakarta.xml.bind-api-2.3.3.jar",
            "/home/ghyla/.cache/coursier/v1/https/repo1.maven.org/maven2/jakarta/transaction/jakarta.transaction-api/1.3.3/jakarta.transaction-api-1.3.3.jar",
            "/home/ghyla/.cache/coursier/v1/https/repo1.maven.org/maven2/javax/inject/javax.inject/1/javax.inject-1.jar",
            "/home/ghyla/.cache/coursier/v1/https/repo1.maven.org/maven2/org/scala-lang/modules/scala-java8-compat_2.13/1.0.2/scala-java8-compat_2.13-1.0.2.jar",
            "/home/ghyla/.cache/coursier/v1/https/repo1.maven.org/maven2/com/typesafe/ssl-config-core_2.13/0.4.3/ssl-config-core_2.13-0.4.3.jar",
            "/home/ghyla/.cache/coursier/v1/https/repo1.maven.org/maven2/org/scala-lang/modules/scala-parser-combinators_2.13/1.1.2/scala-parser-combinators_2.13-1.1.2.jar",
            "/home/ghyla/.cache/coursier/v1/https/repo1.maven.org/maven2/org/scala-lang/modules/scala-xml_2.13/1.3.1/scala-xml_2.13-1.3.1.jar",
            "/home/ghyla/.cache/coursier/v1/https/repo1.maven.org/maven2/com/typesafe/play/play-exceptions/2.8.20/play-exceptions-2.8.20.jar",
            "/home/ghyla/.cache/coursier/v1/https/repo1.maven.org/maven2/org/reactivestreams/reactive-streams/1.0.4/reactive-streams-1.0.4.jar",
            "/home/ghyla/.cache/coursier/v1/https/repo1.maven.org/maven2/com/typesafe/akka/akka-stream_2.13/2.6.21/akka-stream_2.13-2.6.21.jar",
            "/home/ghyla/.cache/coursier/v1/https/repo1.maven.org/maven2/com/typesafe/config/1.4.2/config-1.4.2.jar",
            "/home/ghyla/.cache/coursier/v1/https/repo1.maven.org/maven2/com/fasterxml/jackson/module/jackson-module-parameter-names/2.11.4/jackson-module-parameter-names-2.11.4.jar",
            "/home/ghyla/.cache/coursier/v1/https/repo1.maven.org/maven2/com/fasterxml/jackson/dataformat/jackson-dataformat-cbor/2.11.4/jackson-dataformat-cbor-2.11.4.jar",
            "/home/ghyla/.cache/coursier/v1/https/repo1.maven.org/maven2/com/fasterxml/jackson/module/jackson-module-scala_2.13/2.11.4/jackson-module-scala_2.13-2.11.4.jar",
            "/home/ghyla/.cache/coursier/v1/https/repo1.maven.org/maven2/org/lz4/lz4-java/1.8.0/lz4-java-1.8.0.jar",
            "/home/ghyla/.cache/coursier/v1/https/repo1.maven.org/maven2/com/typesafe/play/play-functional_2.13/2.8.2/play-functional_2.13-2.8.2.jar",
            "/home/ghyla/.cache/coursier/v1/https/repo1.maven.org/maven2/org/scala-lang/scala-reflect/2.13.12/scala-reflect-2.13.12.jar",
            "/home/ghyla/.cache/coursier/v1/https/repo1.maven.org/maven2/joda-time/joda-time/2.10.5/joda-time-2.10.5.jar",
            "/home/ghyla/.cache/coursier/v1/https/repo1.maven.org/maven2/com/google/guava/failureaccess/1.0.1/failureaccess-1.0.1.jar",
            "/home/ghyla/.cache/coursier/v1/https/repo1.maven.org/maven2/com/google/guava/listenablefuture/9999.0-empty-to-avoid-conflict-with-guava/listenablefuture-9999.0-empty-to-avoid-conflict-with-guava.jar",
            "/home/ghyla/.cache/coursier/v1/https/repo1.maven.org/maven2/com/google/code/findbugs/jsr305/3.0.2/jsr305-3.0.2.jar",
            "/home/ghyla/.cache/coursier/v1/https/repo1.maven.org/maven2/org/checkerframework/checker-qual/3.8.0/checker-qual-3.8.0.jar",
            "/home/ghyla/.cache/coursier/v1/https/repo1.maven.org/maven2/com/google/errorprone/error_prone_annotations/2.5.1/error_prone_annotations-2.5.1.jar",
            "/home/ghyla/.cache/coursier/v1/https/repo1.maven.org/maven2/com/google/j2objc/j2objc-annotations/1.3/j2objc-annotations-1.3.jar",
            "/home/ghyla/.cache/coursier/v1/https/repo1.maven.org/maven2/jakarta/activation/jakarta.activation-api/1.2.2/jakarta.activation-api-1.2.2.jar",
            "/home/ghyla/.cache/coursier/v1/https/repo1.maven.org/maven2/com/typesafe/akka/akka-protobuf-v3_2.13/2.6.21/akka-protobuf-v3_2.13-2.6.21.jar",
            "/home/ghyla/.cache/coursier/v1/https/repo1.maven.org/maven2/com/fasterxml/jackson/module/jackson-module-paranamer/2.11.4/jackson-module-paranamer-2.11.4.jar",
            "/home/ghyla/.cache/coursier/v1/https/repo1.maven.org/maven2/com/thoughtworks/paranamer/paranamer/2.8/paranamer-2.8.jar"
        ],
        "out": "/home/ghyla/PieChartApp/.bloop/piechartapp",
        "classesDir": "/home/ghyla/PieChartApp/.bloop/piechartapp/scala-2.13/classes",
        "resources": [
            "/home/ghyla/PieChartApp/src/main/resources",
            "/home/ghyla/PieChartApp/target/scala-2.13/resource_managed/main"
        ],
        "scala": {
            "organization": "org.scala-lang",
            "name": "scala-compiler",
            "version": "2.13.12",
            "options": [
                
            ],
            "jars": [
                "/home/ghyla/.cache/coursier/v1/https/repo1.maven.org/maven2/org/scala-lang/scala-library/2.13.12/scala-library-2.13.12.jar",
                "/home/ghyla/.cache/coursier/v1/https/repo1.maven.org/maven2/org/scala-lang/scala-compiler/2.13.12/scala-compiler-2.13.12.jar",
                "/home/ghyla/.cache/coursier/v1/https/repo1.maven.org/maven2/org/scala-lang/scala-reflect/2.13.12/scala-reflect-2.13.12.jar",
                "/home/ghyla/.cache/coursier/v1/https/repo1.maven.org/maven2/io/github/java-diff-utils/java-diff-utils/4.12/java-diff-utils-4.12.jar",
                "/home/ghyla/.cache/coursier/v1/https/repo1.maven.org/maven2/org/jline/jline/3.22.0/jline-3.22.0.jar",
                "/home/ghyla/.cache/coursier/v1/https/repo1.maven.org/maven2/net/java/dev/jna/jna/5.13.0/jna-5.13.0.jar"
            ],
            "setup": {
                "order": "mixed",
                "addLibraryToBootClasspath": false,
                "addCompilerToClasspath": false,
                "addExtraJarsToClasspath": false,
                "manageBootClasspath": false,
                "filterLibraryFromClasspath": false
            },
            "bridgeJars": [
                "/home/ghyla/.cache/coursier/v1/https/repo1.maven.org/maven2/org/scala-lang/scala2-sbt-bridge/2.13.12/scala2-sbt-bridge-2.13.12.jar"
            ]
        },
        "java": {
            "options": [
                
            ]
        },
        "test": {
            "frameworks": [
                {
                    "names": [
                        "org.scalacheck.ScalaCheckFramework"
                    ]
                },
                {
                    "names": [
                        "org.specs2.runner.Specs2Framework",
                        "org.specs2.runner.SpecsFramework"
                    ]
                },
                {
                    "names": [
                        "org.specs.runner.SpecsFramework"
                    ]
                },
                {
                    "names": [
                        "org.scalatest.tools.Framework",
                        "org.scalatest.tools.ScalaTestFramework"
                    ]
                },
                {
                    "names": [
                        "com.novocode.junit.JUnitFramework"
                    ]
                },
                {
                    "names": [
                        "munit.Framework"
                    ]
                },
                {
                    "names": [
                        "zio.test.sbt.ZTestFramework"
                    ]
                },
                {
                    "names": [
                        "weaver.framework.CatsEffect"
                    ]
                },
                {
                    "names": [
                        "hedgehog.sbt.Framework"
                    ]
                }
            ],
            "options": {
                "excludes": [
                    
                ],
                "arguments": [
                    
                ]
            }
        },
        "platform": {
            "name": "jvm",
            "config": {
                "home": "/usr/lib/jvm/java-17-openjdk-amd64",
                "options": [
                    "-Duser.dir=/home/ghyla/PieChartApp"
                ]
            },
            "mainClass": [
                
            ],
            "runtimeConfig": {
                "home": "/usr/lib/jvm/java-17-openjdk-amd64",
                "options": [
                    "-Duser.dir=/home/ghyla/PieChartApp"
                ]
            },
            "classpath": [
                "/home/ghyla/PieChartApp/.bloop/piechartapp/scala-2.13/classes",
                "/home/ghyla/.cache/coursier/v1/https/repo1.maven.org/maven2/org/scala-lang/scala-library/2.13.12/scala-library-2.13.12.jar",
                "/home/ghyla/.cache/coursier/v1/https/repo1.maven.org/maven2/com/typesafe/play/play_2.13/2.8.20/play_2.13-2.8.20.jar",
                "/home/ghyla/.cache/coursier/v1/https/repo1.maven.org/maven2/org/knowm/xchart/xchart/3.8.2/xchart-3.8.2.jar",
                "/home/ghyla/.cache/coursier/v1/https/repo1.maven.org/maven2/com/github/tototoshi/scala-csv_2.13/1.3.10/scala-csv_2.13-1.3.10.jar",
                "/home/ghyla/.cache/coursier/v1/https/repo1.maven.org/maven2/com/typesafe/play/build-link/2.8.20/build-link-2.8.20.jar",
                "/home/ghyla/.cache/coursier/v1/https/repo1.maven.org/maven2/com/typesafe/play/play-streams_2.13/2.8.20/play-streams_2.13-2.8.20.jar",
                "/home/ghyla/.cache/coursier/v1/https/repo1.maven.org/maven2/com/typesafe/play/twirl-api_2.13/1.5.1/twirl-api_2.13-1.5.1.jar",
                "/home/ghyla/.cache/coursier/v1/https/repo1.maven.org/maven2/org/slf4j/slf4j-api/1.7.36/slf4j-api-1.7.36.jar",
                "/home/ghyla/.cache/coursier/v1/https/repo1.maven.org/maven2/org/slf4j/jul-to-slf4j/1.7.36/jul-to-slf4j-1.7.36.jar",
                "/home/ghyla/.cache/coursier/v1/https/repo1.maven.org/maven2/org/slf4j/jcl-over-slf4j/1.7.36/jcl-over-slf4j-1.7.36.jar",
                "/home/ghyla/.cache/coursier/v1/https/repo1.maven.org/maven2/com/typesafe/akka/akka-actor_2.13/2.6.21/akka-actor_2.13-2.6.21.jar",
                "/home/ghyla/.cache/coursier/v1/https/repo1.maven.org/maven2/com/typesafe/akka/akka-actor-typed_2.13/2.6.21/akka-actor-typed_2.13-2.6.21.jar",
                "/home/ghyla/.cache/coursier/v1/https/repo1.maven.org/maven2/com/typesafe/akka/akka-slf4j_2.13/2.6.21/akka-slf4j_2.13-2.6.21.jar",
                "/home/ghyla/.cache/coursier/v1/https/repo1.maven.org/maven2/com/typesafe/akka/akka-serialization-jackson_2.13/2.6.21/akka-serialization-jackson_2.13-2.6.21.jar",
                "/home/ghyla/.cache/coursier/v1/https/repo1.maven.org/maven2/com/fasterxml/jackson/core/jackson-core/2.11.4/jackson-core-2.11.4.jar",
                "/home/ghyla/.cache/coursier/v1/https/repo1.maven.org/maven2/com/fasterxml/jackson/core/jackson-annotations/2.11.4/jackson-annotations-2.11.4.jar",
                "/home/ghyla/.cache/coursier/v1/https/repo1.maven.org/maven2/com/fasterxml/jackson/datatype/jackson-datatype-jdk8/2.11.4/jackson-datatype-jdk8-2.11.4.jar",
                "/home/ghyla/.cache/coursier/v1/https/repo1.maven.org/maven2/com/fasterxml/jackson/datatype/jackson-datatype-jsr310/2.11.4/jackson-datatype-jsr310-2.11.4.jar",
                "/home/ghyla/.cache/coursier/v1/https/repo1.maven.org/maven2/com/fasterxml/jackson/core/jackson-databind/2.11.4/jackson-databind-2.11.4.jar",
                "/home/ghyla/.cache/coursier/v1/https/repo1.maven.org/maven2/com/typesafe/play/play-json_2.13/2.8.2/play-json_2.13-2.8.2.jar",
                "/home/ghyla/.cache/coursier/v1/https/repo1.maven.org/maven2/com/google/guava/guava/30.1.1-jre/guava-30.1.1-jre.jar",
                "/home/ghyla/.cache/coursier/v1/https/repo1.maven.org/maven2/io/jsonwebtoken/jjwt/0.9.1/jjwt-0.9.1.jar",
                "/home/ghyla/.cache/coursier/v1/https/repo1.maven.org/maven2/jakarta/xml/bind/jakarta.xml.bind-api/2.3.3/jakarta.xml.bind-api-2.3.3.jar",
                "/home/ghyla/.cache/coursier/v1/https/repo1.maven.org/maven2/jakarta/transaction/jakarta.transaction-api/1.3.3/jakarta.transaction-api-1.3.3.jar",
                "/home/ghyla/.cache/coursier/v1/https/repo1.maven.org/maven2/javax/inject/javax.inject/1/javax.inject-1.jar",
                "/home/ghyla/.cache/coursier/v1/https/repo1.maven.org/maven2/org/scala-lang/modules/scala-java8-compat_2.13/1.0.2/scala-java8-compat_2.13-1.0.2.jar",
                "/home/ghyla/.cache/coursier/v1/https/repo1.maven.org/maven2/com/typesafe/ssl-config-core_2.13/0.4.3/ssl-config-core_2.13-0.4.3.jar",
                "/home/ghyla/.cache/coursier/v1/https/repo1.maven.org/maven2/org/scala-lang/modules/scala-parser-combinators_2.13/1.1.2/scala-parser-combinators_2.13-1.1.2.jar",
                "/home/ghyla/.cache/coursier/v1/https/repo1.maven.org/maven2/org/scala-lang/modules/scala-xml_2.13/1.3.1/scala-xml_2.13-1.3.1.jar",
                "/home/ghyla/.cache/coursier/v1/https/repo1.maven.org/maven2/com/typesafe/play/play-exceptions/2.8.20/play-exceptions-2.8.20.jar",
                "/home/ghyla/.cache/coursier/v1/https/repo1.maven.org/maven2/org/reactivestreams/reactive-streams/1.0.4/reactive-streams-1.0.4.jar",
                "/home/ghyla/.cache/coursier/v1/https/repo1.maven.org/maven2/com/typesafe/akka/akka-stream_2.13/2.6.21/akka-stream_2.13-2.6.21.jar",
                "/home/ghyla/.cache/coursier/v1/https/repo1.maven.org/maven2/com/typesafe/config/1.4.2/config-1.4.2.jar",
                "/home/ghyla/.cache/coursier/v1/https/repo1.maven.org/maven2/com/fasterxml/jackson/module/jackson-module-parameter-names/2.11.4/jackson-module-parameter-names-2.11.4.jar",
                "/home/ghyla/.cache/coursier/v1/https/repo1.maven.org/maven2/com/fasterxml/jackson/dataformat/jackson-dataformat-cbor/2.11.4/jackson-dataformat-cbor-2.11.4.jar",
                "/home/ghyla/.cache/coursier/v1/https/repo1.maven.org/maven2/com/fasterxml/jackson/module/jackson-module-scala_2.13/2.11.4/jackson-module-scala_2.13-2.11.4.jar",
                "/home/ghyla/.cache/coursier/v1/https/repo1.maven.org/maven2/org/lz4/lz4-java/1.8.0/lz4-java-1.8.0.jar",
                "/home/ghyla/.cache/coursier/v1/https/repo1.maven.org/maven2/com/typesafe/play/play-functional_2.13/2.8.2/play-functional_2.13-2.8.2.jar",
                "/home/ghyla/.cache/coursier/v1/https/repo1.maven.org/maven2/org/scala-lang/scala-reflect/2.13.12/scala-reflect-2.13.12.jar",
                "/home/ghyla/.cache/coursier/v1/https/repo1.maven.org/maven2/joda-time/joda-time/2.10.5/joda-time-2.10.5.jar",
                "/home/ghyla/.cache/coursier/v1/https/repo1.maven.org/maven2/com/google/guava/failureaccess/1.0.1/failureaccess-1.0.1.jar",
                "/home/ghyla/.cache/coursier/v1/https/repo1.maven.org/maven2/com/google/guava/listenablefuture/9999.0-empty-to-avoid-conflict-with-guava/listenablefuture-9999.0-empty-to-avoid-conflict-with-guava.jar",
                "/home/ghyla/.cache/coursier/v1/https/repo1.maven.org/maven2/com/google/code/findbugs/jsr305/3.0.2/jsr305-3.0.2.jar",
                "/home/ghyla/.cache/coursier/v1/https/repo1.maven.org/maven2/org/checkerframework/checker-qual/3.8.0/checker-qual-3.8.0.jar",
                "/home/ghyla/.cache/coursier/v1/https/repo1.maven.org/maven2/com/google/errorprone/error_prone_annotations/2.5.1/error_prone_annotations-2.5.1.jar",
                "/home/ghyla/.cache/coursier/v1/https/repo1.maven.org/maven2/com/google/j2objc/j2objc-annotations/1.3/j2objc-annotations-1.3.jar",
                "/home/ghyla/.cache/coursier/v1/https/repo1.maven.org/maven2/jakarta/activation/jakarta.activation-api/1.2.2/jakarta.activation-api-1.2.2.jar",
                "/home/ghyla/.cache/coursier/v1/https/repo1.maven.org/maven2/com/typesafe/akka/akka-protobuf-v3_2.13/2.6.21/akka-protobuf-v3_2.13-2.6.21.jar",
                "/home/ghyla/.cache/coursier/v1/https/repo1.maven.org/maven2/com/fasterxml/jackson/module/jackson-module-paranamer/2.11.4/jackson-module-paranamer-2.11.4.jar",
                "/home/ghyla/.cache/coursier/v1/https/repo1.maven.org/maven2/com/thoughtworks/paranamer/paranamer/2.8/paranamer-2.8.jar"
            ]
        },
        "resolution": {
            "modules": [
                {
                    "organization": "org.scala-lang",
                    "name": "scala-library",
                    "version": "2.13.12",
                    "configurations": "default",
                    "artifacts": [
                        {
                            "name": "scala-library",
                            "path": "/home/ghyla/.cache/coursier/v1/https/repo1.maven.org/maven2/org/scala-lang/scala-library/2.13.12/scala-library-2.13.12.jar"
                        },
                        {
                            "name": "scala-library",
                            "classifier": "sources",
                            "path": "/home/ghyla/.cache/coursier/v1/https/repo1.maven.org/maven2/org/scala-lang/scala-library/2.13.12/scala-library-2.13.12-sources.jar"
                        }
                    ]
                },
                {
                    "organization": "com.typesafe.play",
                    "name": "play_2.13",
                    "version": "2.8.20",
                    "configurations": "default",
                    "artifacts": [
                        {
                            "name": "play_2.13",
                            "path": "/home/ghyla/.cache/coursier/v1/https/repo1.maven.org/maven2/com/typesafe/play/play_2.13/2.8.20/play_2.13-2.8.20.jar"
                        },
                        {
                            "name": "play_2.13",
                            "classifier": "sources",
                            "path": "/home/ghyla/.cache/coursier/v1/https/repo1.maven.org/maven2/com/typesafe/play/play_2.13/2.8.20/play_2.13-2.8.20-sources.jar"
                        }
                    ]
                },
                {
                    "organization": "org.knowm.xchart",
                    "name": "xchart",
                    "version": "3.8.2",
                    "configurations": "default",
                    "artifacts": [
                        {
                            "name": "xchart",
                            "path": "/home/ghyla/.cache/coursier/v1/https/repo1.maven.org/maven2/org/knowm/xchart/xchart/3.8.2/xchart-3.8.2.jar"
                        },
                        {
                            "name": "xchart",
                            "classifier": "sources",
                            "path": "/home/ghyla/.cache/coursier/v1/https/repo1.maven.org/maven2/org/knowm/xchart/xchart/3.8.2/xchart-3.8.2-sources.jar"
                        }
                    ]
                },
                {
                    "organization": "com.github.tototoshi",
                    "name": "scala-csv_2.13",
                    "version": "1.3.10",
                    "configurations": "default",
                    "artifacts": [
                        {
                            "name": "scala-csv_2.13",
                            "path": "/home/ghyla/.cache/coursier/v1/https/repo1.maven.org/maven2/com/github/tototoshi/scala-csv_2.13/1.3.10/scala-csv_2.13-1.3.10.jar"
                        },
                        {
                            "name": "scala-csv_2.13",
                            "classifier": "sources",
                            "path": "/home/ghyla/.cache/coursier/v1/https/repo1.maven.org/maven2/com/github/tototoshi/scala-csv_2.13/1.3.10/scala-csv_2.13-1.3.10-sources.jar"
                        }
                    ]
                },
                {
                    "organization": "com.typesafe.play",
                    "name": "build-link",
                    "version": "2.8.20",
                    "configurations": "default",
                    "artifacts": [
                        {
                            "name": "build-link",
                            "path": "/home/ghyla/.cache/coursier/v1/https/repo1.maven.org/maven2/com/typesafe/play/build-link/2.8.20/build-link-2.8.20.jar"
                        },
                        {
                            "name": "build-link",
                            "classifier": "sources",
                            "path": "/home/ghyla/.cache/coursier/v1/https/repo1.maven.org/maven2/com/typesafe/play/build-link/2.8.20/build-link-2.8.20-sources.jar"
                        }
                    ]
                },
                {
                    "organization": "com.typesafe.play",
                    "name": "play-streams_2.13",
                    "version": "2.8.20",
                    "configurations": "default",
                    "artifacts": [
                        {
                            "name": "play-streams_2.13",
                            "path": "/home/ghyla/.cache/coursier/v1/https/repo1.maven.org/maven2/com/typesafe/play/play-streams_2.13/2.8.20/play-streams_2.13-2.8.20.jar"
                        },
                        {
                            "name": "play-streams_2.13",
                            "classifier": "sources",
                            "path": "/home/ghyla/.cache/coursier/v1/https/repo1.maven.org/maven2/com/typesafe/play/play-streams_2.13/2.8.20/play-streams_2.13-2.8.20-sources.jar"
                        }
                    ]
                },
                {
                    "organization": "com.typesafe.play",
                    "name": "twirl-api_2.13",
                    "version": "1.5.1",
                    "configurations": "default",
                    "artifacts": [
                        {
                            "name": "twirl-api_2.13",
                            "path": "/home/ghyla/.cache/coursier/v1/https/repo1.maven.org/maven2/com/typesafe/play/twirl-api_2.13/1.5.1/twirl-api_2.13-1.5.1.jar"
                        },
                        {
                            "name": "twirl-api_2.13",
                            "classifier": "sources",
                            "path": "/home/ghyla/.cache/coursier/v1/https/repo1.maven.org/maven2/com/typesafe/play/twirl-api_2.13/1.5.1/twirl-api_2.13-1.5.1-sources.jar"
                        }
                    ]
                },
                {
                    "organization": "org.slf4j",
                    "name": "slf4j-api",
                    "version": "1.7.36",
                    "configurations": "default",
                    "artifacts": [
                        {
                            "name": "slf4j-api",
                            "path": "/home/ghyla/.cache/coursier/v1/https/repo1.maven.org/maven2/org/slf4j/slf4j-api/1.7.36/slf4j-api-1.7.36.jar"
                        },
                        {
                            "name": "slf4j-api",
                            "classifier": "sources",
                            "path": "/home/ghyla/.cache/coursier/v1/https/repo1.maven.org/maven2/org/slf4j/slf4j-api/1.7.36/slf4j-api-1.7.36-sources.jar"
                        }
                    ]
                },
                {
                    "organization": "org.slf4j",
                    "name": "jul-to-slf4j",
                    "version": "1.7.36",
                    "configurations": "default",
                    "artifacts": [
                        {
                            "name": "jul-to-slf4j",
                            "path": "/home/ghyla/.cache/coursier/v1/https/repo1.maven.org/maven2/org/slf4j/jul-to-slf4j/1.7.36/jul-to-slf4j-1.7.36.jar"
                        },
                        {
                            "name": "jul-to-slf4j",
                            "classifier": "sources",
                            "path": "/home/ghyla/.cache/coursier/v1/https/repo1.maven.org/maven2/org/slf4j/jul-to-slf4j/1.7.36/jul-to-slf4j-1.7.36-sources.jar"
                        }
                    ]
                },
                {
                    "organization": "org.slf4j",
                    "name": "jcl-over-slf4j",
                    "version": "1.7.36",
                    "configurations": "default",
                    "artifacts": [
                        {
                            "name": "jcl-over-slf4j",
                            "path": "/home/ghyla/.cache/coursier/v1/https/repo1.maven.org/maven2/org/slf4j/jcl-over-slf4j/1.7.36/jcl-over-slf4j-1.7.36.jar"
                        },
                        {
                            "name": "jcl-over-slf4j",
                            "classifier": "sources",
                            "path": "/home/ghyla/.cache/coursier/v1/https/repo1.maven.org/maven2/org/slf4j/jcl-over-slf4j/1.7.36/jcl-over-slf4j-1.7.36-sources.jar"
                        }
                    ]
                },
                {
                    "organization": "com.typesafe.akka",
                    "name": "akka-actor_2.13",
                    "version": "2.6.21",
                    "configurations": "default",
                    "artifacts": [
                        {
                            "name": "akka-actor_2.13",
                            "path": "/home/ghyla/.cache/coursier/v1/https/repo1.maven.org/maven2/com/typesafe/akka/akka-actor_2.13/2.6.21/akka-actor_2.13-2.6.21.jar"
                        },
                        {
                            "name": "akka-actor_2.13",
                            "classifier": "sources",
                            "path": "/home/ghyla/.cache/coursier/v1/https/repo1.maven.org/maven2/com/typesafe/akka/akka-actor_2.13/2.6.21/akka-actor_2.13-2.6.21-sources.jar"
                        }
                    ]
                },
                {
                    "organization": "com.typesafe.akka",
                    "name": "akka-actor-typed_2.13",
                    "version": "2.6.21",
                    "configurations": "default",
                    "artifacts": [
                        {
                            "name": "akka-actor-typed_2.13",
                            "path": "/home/ghyla/.cache/coursier/v1/https/repo1.maven.org/maven2/com/typesafe/akka/akka-actor-typed_2.13/2.6.21/akka-actor-typed_2.13-2.6.21.jar"
                        },
                        {
                            "name": "akka-actor-typed_2.13",
                            "classifier": "sources",
                            "path": "/home/ghyla/.cache/coursier/v1/https/repo1.maven.org/maven2/com/typesafe/akka/akka-actor-typed_2.13/2.6.21/akka-actor-typed_2.13-2.6.21-sources.jar"
                        }
                    ]
                },
                {
                    "organization": "com.typesafe.akka",
                    "name": "akka-slf4j_2.13",
                    "version": "2.6.21",
                    "configurations": "default",
                    "artifacts": [
                        {
                            "name": "akka-slf4j_2.13",
                            "path": "/home/ghyla/.cache/coursier/v1/https/repo1.maven.org/maven2/com/typesafe/akka/akka-slf4j_2.13/2.6.21/akka-slf4j_2.13-2.6.21.jar"
                        },
                        {
                            "name": "akka-slf4j_2.13",
                            "classifier": "sources",
                            "path": "/home/ghyla/.cache/coursier/v1/https/repo1.maven.org/maven2/com/typesafe/akka/akka-slf4j_2.13/2.6.21/akka-slf4j_2.13-2.6.21-sources.jar"
                        }
                    ]
                },
                {
                    "organization": "com.typesafe.akka",
                    "name": "akka-serialization-jackson_2.13",
                    "version": "2.6.21",
                    "configurations": "default",
                    "artifacts": [
                        {
                            "name": "akka-serialization-jackson_2.13",
                            "path": "/home/ghyla/.cache/coursier/v1/https/repo1.maven.org/maven2/com/typesafe/akka/akka-serialization-jackson_2.13/2.6.21/akka-serialization-jackson_2.13-2.6.21.jar"
                        },
                        {
                            "name": "akka-serialization-jackson_2.13",
                            "classifier": "sources",
                            "path": "/home/ghyla/.cache/coursier/v1/https/repo1.maven.org/maven2/com/typesafe/akka/akka-serialization-jackson_2.13/2.6.21/akka-serialization-jackson_2.13-2.6.21-sources.jar"
                        }
                    ]
                },
                {
                    "organization": "com.fasterxml.jackson.core",
                    "name": "jackson-core",
                    "version": "2.11.4",
                    "configurations": "default",
                    "artifacts": [
                        {
                            "name": "jackson-core",
                            "path": "/home/ghyla/.cache/coursier/v1/https/repo1.maven.org/maven2/com/fasterxml/jackson/core/jackson-core/2.11.4/jackson-core-2.11.4.jar"
                        },
                        {
                            "name": "jackson-core",
                            "classifier": "sources",
                            "path": "/home/ghyla/.cache/coursier/v1/https/repo1.maven.org/maven2/com/fasterxml/jackson/core/jackson-core/2.11.4/jackson-core-2.11.4-sources.jar"
                        }
                    ]
                },
                {
                    "organization": "com.fasterxml.jackson.core",
                    "name": "jackson-annotations",
                    "version": "2.11.4",
                    "configurations": "default",
                    "artifacts": [
                        {
                            "name": "jackson-annotations",
                            "path": "/home/ghyla/.cache/coursier/v1/https/repo1.maven.org/maven2/com/fasterxml/jackson/core/jackson-annotations/2.11.4/jackson-annotations-2.11.4.jar"
                        },
                        {
                            "name": "jackson-annotations",
                            "classifier": "sources",
                            "path": "/home/ghyla/.cache/coursier/v1/https/repo1.maven.org/maven2/com/fasterxml/jackson/core/jackson-annotations/2.11.4/jackson-annotations-2.11.4-sources.jar"
                        }
                    ]
                },
                {
                    "organization": "com.fasterxml.jackson.datatype",
                    "name": "jackson-datatype-jdk8",
                    "version": "2.11.4",
                    "configurations": "default",
                    "artifacts": [
                        {
                            "name": "jackson-datatype-jdk8",
                            "path": "/home/ghyla/.cache/coursier/v1/https/repo1.maven.org/maven2/com/fasterxml/jackson/datatype/jackson-datatype-jdk8/2.11.4/jackson-datatype-jdk8-2.11.4.jar"
                        },
                        {
                            "name": "jackson-datatype-jdk8",
                            "classifier": "sources",
                            "path": "/home/ghyla/.cache/coursier/v1/https/repo1.maven.org/maven2/com/fasterxml/jackson/datatype/jackson-datatype-jdk8/2.11.4/jackson-datatype-jdk8-2.11.4-sources.jar"
                        }
                    ]
                },
                {
                    "organization": "com.fasterxml.jackson.datatype",
                    "name": "jackson-datatype-jsr310",
                    "version": "2.11.4",
                    "configurations": "default",
                    "artifacts": [
                        {
                            "name": "jackson-datatype-jsr310",
                            "path": "/home/ghyla/.cache/coursier/v1/https/repo1.maven.org/maven2/com/fasterxml/jackson/datatype/jackson-datatype-jsr310/2.11.4/jackson-datatype-jsr310-2.11.4.jar"
                        },
                        {
                            "name": "jackson-datatype-jsr310",
                            "classifier": "sources",
                            "path": "/home/ghyla/.cache/coursier/v1/https/repo1.maven.org/maven2/com/fasterxml/jackson/datatype/jackson-datatype-jsr310/2.11.4/jackson-datatype-jsr310-2.11.4-sources.jar"
                        }
                    ]
                },
                {
                    "organization": "com.fasterxml.jackson.core",
                    "name": "jackson-databind",
                    "version": "2.11.4",
                    "configurations": "default",
                    "artifacts": [
                        {
                            "name": "jackson-databind",
                            "path": "/home/ghyla/.cache/coursier/v1/https/repo1.maven.org/maven2/com/fasterxml/jackson/core/jackson-databind/2.11.4/jackson-databind-2.11.4.jar"
                        },
                        {
                            "name": "jackson-databind",
                            "classifier": "sources",
                            "path": "/home/ghyla/.cache/coursier/v1/https/repo1.maven.org/maven2/com/fasterxml/jackson/core/jackson-databind/2.11.4/jackson-databind-2.11.4-sources.jar"
                        }
                    ]
                },
                {
                    "organization": "com.typesafe.play",
                    "name": "play-json_2.13",
                    "version": "2.8.2",
                    "configurations": "default",
                    "artifacts": [
                        {
                            "name": "play-json_2.13",
                            "path": "/home/ghyla/.cache/coursier/v1/https/repo1.maven.org/maven2/com/typesafe/play/play-json_2.13/2.8.2/play-json_2.13-2.8.2.jar"
                        },
                        {
                            "name": "play-json_2.13",
                            "classifier": "sources",
                            "path": "/home/ghyla/.cache/coursier/v1/https/repo1.maven.org/maven2/com/typesafe/play/play-json_2.13/2.8.2/play-json_2.13-2.8.2-sources.jar"
                        }
                    ]
                },
                {
                    "organization": "com.google.guava",
                    "name": "guava",
                    "version": "30.1.1-jre",
                    "configurations": "default",
                    "artifacts": [
                        {
                            "name": "guava",
                            "path": "/home/ghyla/.cache/coursier/v1/https/repo1.maven.org/maven2/com/google/guava/guava/30.1.1-jre/guava-30.1.1-jre.jar"
                        },
                        {
                            "name": "guava",
                            "classifier": "sources",
                            "path": "/home/ghyla/.cache/coursier/v1/https/repo1.maven.org/maven2/com/google/guava/guava/30.1.1-jre/guava-30.1.1-jre-sources.jar"
                        }
                    ]
                },
                {
                    "organization": "io.jsonwebtoken",
                    "name": "jjwt",
                    "version": "0.9.1",
                    "configurations": "default",
                    "artifacts": [
                        {
                            "name": "jjwt",
                            "path": "/home/ghyla/.cache/coursier/v1/https/repo1.maven.org/maven2/io/jsonwebtoken/jjwt/0.9.1/jjwt-0.9.1.jar"
                        },
                        {
                            "name": "jjwt",
                            "classifier": "sources",
                            "path": "/home/ghyla/.cache/coursier/v1/https/repo1.maven.org/maven2/io/jsonwebtoken/jjwt/0.9.1/jjwt-0.9.1-sources.jar"
                        }
                    ]
                },
                {
                    "organization": "jakarta.xml.bind",
                    "name": "jakarta.xml.bind-api",
                    "version": "2.3.3",
                    "configurations": "default",
                    "artifacts": [
                        {
                            "name": "jakarta.xml.bind-api",
                            "path": "/home/ghyla/.cache/coursier/v1/https/repo1.maven.org/maven2/jakarta/xml/bind/jakarta.xml.bind-api/2.3.3/jakarta.xml.bind-api-2.3.3.jar"
                        },
                        {
                            "name": "jakarta.xml.bind-api",
                            "classifier": "sources",
                            "path": "/home/ghyla/.cache/coursier/v1/https/repo1.maven.org/maven2/jakarta/xml/bind/jakarta.xml.bind-api/2.3.3/jakarta.xml.bind-api-2.3.3-sources.jar"
                        }
                    ]
                },
                {
                    "organization": "jakarta.transaction",
                    "name": "jakarta.transaction-api",
                    "version": "1.3.3",
                    "configurations": "default",
                    "artifacts": [
                        {
                            "name": "jakarta.transaction-api",
                            "path": "/home/ghyla/.cache/coursier/v1/https/repo1.maven.org/maven2/jakarta/transaction/jakarta.transaction-api/1.3.3/jakarta.transaction-api-1.3.3.jar"
                        },
                        {
                            "name": "jakarta.transaction-api",
                            "classifier": "sources",
                            "path": "/home/ghyla/.cache/coursier/v1/https/repo1.maven.org/maven2/jakarta/transaction/jakarta.transaction-api/1.3.3/jakarta.transaction-api-1.3.3-sources.jar"
                        }
                    ]
                },
                {
                    "organization": "javax.inject",
                    "name": "javax.inject",
                    "version": "1",
                    "configurations": "default",
                    "artifacts": [
                        {
                            "name": "javax.inject",
                            "path": "/home/ghyla/.cache/coursier/v1/https/repo1.maven.org/maven2/javax/inject/javax.inject/1/javax.inject-1.jar"
                        },
                        {
                            "name": "javax.inject",
                            "classifier": "sources",
                            "path": "/home/ghyla/.cache/coursier/v1/https/repo1.maven.org/maven2/javax/inject/javax.inject/1/javax.inject-1-sources.jar"
                        }
                    ]
                },
                {
                    "organization": "org.scala-lang.modules",
                    "name": "scala-java8-compat_2.13",
                    "version": "1.0.2",
                    "configurations": "default",
                    "artifacts": [
                        {
                            "name": "scala-java8-compat_2.13",
                            "path": "/home/ghyla/.cache/coursier/v1/https/repo1.maven.org/maven2/org/scala-lang/modules/scala-java8-compat_2.13/1.0.2/scala-java8-compat_2.13-1.0.2.jar"
                        },
                        {
                            "name": "scala-java8-compat_2.13",
                            "classifier": "sources",
                            "path": "/home/ghyla/.cache/coursier/v1/https/repo1.maven.org/maven2/org/scala-lang/modules/scala-java8-compat_2.13/1.0.2/scala-java8-compat_2.13-1.0.2-sources.jar"
                        }
                    ]
                },
                {
                    "organization": "com.typesafe",
                    "name": "ssl-config-core_2.13",
                    "version": "0.4.3",
                    "configurations": "default",
                    "artifacts": [
                        {
                            "name": "ssl-config-core_2.13",
                            "path": "/home/ghyla/.cache/coursier/v1/https/repo1.maven.org/maven2/com/typesafe/ssl-config-core_2.13/0.4.3/ssl-config-core_2.13-0.4.3.jar"
                        },
                        {
                            "name": "ssl-config-core_2.13",
                            "classifier": "sources",
                            "path": "/home/ghyla/.cache/coursier/v1/https/repo1.maven.org/maven2/com/typesafe/ssl-config-core_2.13/0.4.3/ssl-config-core_2.13-0.4.3-sources.jar"
                        }
                    ]
                },
                {
                    "organization": "org.scala-lang.modules",
                    "name": "scala-parser-combinators_2.13",
                    "version": "1.1.2",
                    "configurations": "default",
                    "artifacts": [
                        {
                            "name": "scala-parser-combinators_2.13",
                            "path": "/home/ghyla/.cache/coursier/v1/https/repo1.maven.org/maven2/org/scala-lang/modules/scala-parser-combinators_2.13/1.1.2/scala-parser-combinators_2.13-1.1.2.jar"
                        },
                        {
                            "name": "scala-parser-combinators_2.13",
                            "classifier": "sources",
                            "path": "/home/ghyla/.cache/coursier/v1/https/repo1.maven.org/maven2/org/scala-lang/modules/scala-parser-combinators_2.13/1.1.2/scala-parser-combinators_2.13-1.1.2-sources.jar"
                        }
                    ]
                },
                {
                    "organization": "org.scala-lang.modules",
                    "name": "scala-xml_2.13",
                    "version": "1.3.1",
                    "configurations": "default",
                    "artifacts": [
                        {
                            "name": "scala-xml_2.13",
                            "path": "/home/ghyla/.cache/coursier/v1/https/repo1.maven.org/maven2/org/scala-lang/modules/scala-xml_2.13/1.3.1/scala-xml_2.13-1.3.1.jar"
                        },
                        {
                            "name": "scala-xml_2.13",
                            "classifier": "sources",
                            "path": "/home/ghyla/.cache/coursier/v1/https/repo1.maven.org/maven2/org/scala-lang/modules/scala-xml_2.13/1.3.1/scala-xml_2.13-1.3.1-sources.jar"
                        }
                    ]
                },
                {
                    "organization": "com.typesafe.play",
                    "name": "play-exceptions",
                    "version": "2.8.20",
                    "configurations": "default",
                    "artifacts": [
                        {
                            "name": "play-exceptions",
                            "path": "/home/ghyla/.cache/coursier/v1/https/repo1.maven.org/maven2/com/typesafe/play/play-exceptions/2.8.20/play-exceptions-2.8.20.jar"
                        },
                        {
                            "name": "play-exceptions",
                            "classifier": "sources",
                            "path": "/home/ghyla/.cache/coursier/v1/https/repo1.maven.org/maven2/com/typesafe/play/play-exceptions/2.8.20/play-exceptions-2.8.20-sources.jar"
                        }
                    ]
                },
                {
                    "organization": "org.reactivestreams",
                    "name": "reactive-streams",
                    "version": "1.0.4",
                    "configurations": "default",
                    "artifacts": [
                        {
                            "name": "reactive-streams",
                            "path": "/home/ghyla/.cache/coursier/v1/https/repo1.maven.org/maven2/org/reactivestreams/reactive-streams/1.0.4/reactive-streams-1.0.4.jar"
                        },
                        {
                            "name": "reactive-streams",
                            "classifier": "sources",
                            "path": "/home/ghyla/.cache/coursier/v1/https/repo1.maven.org/maven2/org/reactivestreams/reactive-streams/1.0.4/reactive-streams-1.0.4-sources.jar"
                        }
                    ]
                },
                {
                    "organization": "com.typesafe.akka",
                    "name": "akka-stream_2.13",
                    "version": "2.6.21",
                    "configurations": "default",
                    "artifacts": [
                        {
                            "name": "akka-stream_2.13",
                            "path": "/home/ghyla/.cache/coursier/v1/https/repo1.maven.org/maven2/com/typesafe/akka/akka-stream_2.13/2.6.21/akka-stream_2.13-2.6.21.jar"
                        },
                        {
                            "name": "akka-stream_2.13",
                            "classifier": "sources",
                            "path": "/home/ghyla/.cache/coursier/v1/https/repo1.maven.org/maven2/com/typesafe/akka/akka-stream_2.13/2.6.21/akka-stream_2.13-2.6.21-sources.jar"
                        }
                    ]
                },
                {
                    "organization": "com.typesafe",
                    "name": "config",
                    "version": "1.4.2",
                    "configurations": "default",
                    "artifacts": [
                        {
                            "name": "config",
                            "path": "/home/ghyla/.cache/coursier/v1/https/repo1.maven.org/maven2/com/typesafe/config/1.4.2/config-1.4.2.jar"
                        },
                        {
                            "name": "config",
                            "classifier": "sources",
                            "path": "/home/ghyla/.cache/coursier/v1/https/repo1.maven.org/maven2/com/typesafe/config/1.4.2/config-1.4.2-sources.jar"
                        }
                    ]
                },
                {
                    "organization": "com.fasterxml.jackson.module",
                    "name": "jackson-module-parameter-names",
                    "version": "2.11.4",
                    "configurations": "default",
                    "artifacts": [
                        {
                            "name": "jackson-module-parameter-names",
                            "path": "/home/ghyla/.cache/coursier/v1/https/repo1.maven.org/maven2/com/fasterxml/jackson/module/jackson-module-parameter-names/2.11.4/jackson-module-parameter-names-2.11.4.jar"
                        },
                        {
                            "name": "jackson-module-parameter-names",
                            "classifier": "sources",
                            "path": "/home/ghyla/.cache/coursier/v1/https/repo1.maven.org/maven2/com/fasterxml/jackson/module/jackson-module-parameter-names/2.11.4/jackson-module-parameter-names-2.11.4-sources.jar"
                        }
                    ]
                },
                {
                    "organization": "com.fasterxml.jackson.dataformat",
                    "name": "jackson-dataformat-cbor",
                    "version": "2.11.4",
                    "configurations": "default",
                    "artifacts": [
                        {
                            "name": "jackson-dataformat-cbor",
                            "path": "/home/ghyla/.cache/coursier/v1/https/repo1.maven.org/maven2/com/fasterxml/jackson/dataformat/jackson-dataformat-cbor/2.11.4/jackson-dataformat-cbor-2.11.4.jar"
                        },
                        {
                            "name": "jackson-dataformat-cbor",
                            "classifier": "sources",
                            "path": "/home/ghyla/.cache/coursier/v1/https/repo1.maven.org/maven2/com/fasterxml/jackson/dataformat/jackson-dataformat-cbor/2.11.4/jackson-dataformat-cbor-2.11.4-sources.jar"
                        }
                    ]
                },
                {
                    "organization": "com.fasterxml.jackson.module",
                    "name": "jackson-module-scala_2.13",
                    "version": "2.11.4",
                    "configurations": "default",
                    "artifacts": [
                        {
                            "name": "jackson-module-scala_2.13",
                            "path": "/home/ghyla/.cache/coursier/v1/https/repo1.maven.org/maven2/com/fasterxml/jackson/module/jackson-module-scala_2.13/2.11.4/jackson-module-scala_2.13-2.11.4.jar"
                        },
                        {
                            "name": "jackson-module-scala_2.13",
                            "classifier": "sources",
                            "path": "/home/ghyla/.cache/coursier/v1/https/repo1.maven.org/maven2/com/fasterxml/jackson/module/jackson-module-scala_2.13/2.11.4/jackson-module-scala_2.13-2.11.4-sources.jar"
                        }
                    ]
                },
                {
                    "organization": "org.lz4",
                    "name": "lz4-java",
                    "version": "1.8.0",
                    "configurations": "default",
                    "artifacts": [
                        {
                            "name": "lz4-java",
                            "path": "/home/ghyla/.cache/coursier/v1/https/repo1.maven.org/maven2/org/lz4/lz4-java/1.8.0/lz4-java-1.8.0.jar"
                        },
                        {
                            "name": "lz4-java",
                            "classifier": "sources",
                            "path": "/home/ghyla/.cache/coursier/v1/https/repo1.maven.org/maven2/org/lz4/lz4-java/1.8.0/lz4-java-1.8.0-sources.jar"
                        }
                    ]
                },
                {
                    "organization": "com.typesafe.play",
                    "name": "play-functional_2.13",
                    "version": "2.8.2",
                    "configurations": "default",
                    "artifacts": [
                        {
                            "name": "play-functional_2.13",
                            "path": "/home/ghyla/.cache/coursier/v1/https/repo1.maven.org/maven2/com/typesafe/play/play-functional_2.13/2.8.2/play-functional_2.13-2.8.2.jar"
                        },
                        {
                            "name": "play-functional_2.13",
                            "classifier": "sources",
                            "path": "/home/ghyla/.cache/coursier/v1/https/repo1.maven.org/maven2/com/typesafe/play/play-functional_2.13/2.8.2/play-functional_2.13-2.8.2-sources.jar"
                        }
                    ]
                },
                {
                    "organization": "org.scala-lang",
                    "name": "scala-reflect",
                    "version": "2.13.12",
                    "configurations": "default",
                    "artifacts": [
                        {
                            "name": "scala-reflect",
                            "path": "/home/ghyla/.cache/coursier/v1/https/repo1.maven.org/maven2/org/scala-lang/scala-reflect/2.13.12/scala-reflect-2.13.12.jar"
                        },
                        {
                            "name": "scala-reflect",
                            "classifier": "sources",
                            "path": "/home/ghyla/.cache/coursier/v1/https/repo1.maven.org/maven2/org/scala-lang/scala-reflect/2.13.12/scala-reflect-2.13.12-sources.jar"
                        }
                    ]
                },
                {
                    "organization": "joda-time",
                    "name": "joda-time",
                    "version": "2.10.5",
                    "configurations": "default",
                    "artifacts": [
                        {
                            "name": "joda-time",
                            "path": "/home/ghyla/.cache/coursier/v1/https/repo1.maven.org/maven2/joda-time/joda-time/2.10.5/joda-time-2.10.5.jar"
                        },
                        {
                            "name": "joda-time",
                            "classifier": "sources",
                            "path": "/home/ghyla/.cache/coursier/v1/https/repo1.maven.org/maven2/joda-time/joda-time/2.10.5/joda-time-2.10.5-sources.jar"
                        }
                    ]
                },
                {
                    "organization": "com.google.guava",
                    "name": "failureaccess",
                    "version": "1.0.1",
                    "configurations": "default",
                    "artifacts": [
                        {
                            "name": "failureaccess",
                            "path": "/home/ghyla/.cache/coursier/v1/https/repo1.maven.org/maven2/com/google/guava/failureaccess/1.0.1/failureaccess-1.0.1.jar"
                        },
                        {
                            "name": "failureaccess",
                            "classifier": "sources",
                            "path": "/home/ghyla/.cache/coursier/v1/https/repo1.maven.org/maven2/com/google/guava/failureaccess/1.0.1/failureaccess-1.0.1-sources.jar"
                        }
                    ]
                },
                {
                    "organization": "com.google.guava",
                    "name": "listenablefuture",
                    "version": "9999.0-empty-to-avoid-conflict-with-guava",
                    "configurations": "default",
                    "artifacts": [
                        {
                            "name": "listenablefuture",
                            "path": "/home/ghyla/.cache/coursier/v1/https/repo1.maven.org/maven2/com/google/guava/listenablefuture/9999.0-empty-to-avoid-conflict-with-guava/listenablefuture-9999.0-empty-to-avoid-conflict-with-guava.jar"
                        }
                    ]
                },
                {
                    "organization": "com.google.code.findbugs",
                    "name": "jsr305",
                    "version": "3.0.2",
                    "configurations": "default",
                    "artifacts": [
                        {
                            "name": "jsr305",
                            "path": "/home/ghyla/.cache/coursier/v1/https/repo1.maven.org/maven2/com/google/code/findbugs/jsr305/3.0.2/jsr305-3.0.2.jar"
                        },
                        {
                            "name": "jsr305",
                            "classifier": "sources",
                            "path": "/home/ghyla/.cache/coursier/v1/https/repo1.maven.org/maven2/com/google/code/findbugs/jsr305/3.0.2/jsr305-3.0.2-sources.jar"
                        }
                    ]
                },
                {
                    "organization": "org.checkerframework",
                    "name": "checker-qual",
                    "version": "3.8.0",
                    "configurations": "default",
                    "artifacts": [
                        {
                            "name": "checker-qual",
                            "path": "/home/ghyla/.cache/coursier/v1/https/repo1.maven.org/maven2/org/checkerframework/checker-qual/3.8.0/checker-qual-3.8.0.jar"
                        },
                        {
                            "name": "checker-qual",
                            "classifier": "sources",
                            "path": "/home/ghyla/.cache/coursier/v1/https/repo1.maven.org/maven2/org/checkerframework/checker-qual/3.8.0/checker-qual-3.8.0-sources.jar"
                        }
                    ]
                },
                {
                    "organization": "com.google.errorprone",
                    "name": "error_prone_annotations",
                    "version": "2.5.1",
                    "configurations": "default",
                    "artifacts": [
                        {
                            "name": "error_prone_annotations",
                            "path": "/home/ghyla/.cache/coursier/v1/https/repo1.maven.org/maven2/com/google/errorprone/error_prone_annotations/2.5.1/error_prone_annotations-2.5.1.jar"
                        },
                        {
                            "name": "error_prone_annotations",
                            "classifier": "sources",
                            "path": "/home/ghyla/.cache/coursier/v1/https/repo1.maven.org/maven2/com/google/errorprone/error_prone_annotations/2.5.1/error_prone_annotations-2.5.1-sources.jar"
                        }
                    ]
                },
                {
                    "organization": "com.google.j2objc",
                    "name": "j2objc-annotations",
                    "version": "1.3",
                    "configurations": "default",
                    "artifacts": [
                        {
                            "name": "j2objc-annotations",
                            "path": "/home/ghyla/.cache/coursier/v1/https/repo1.maven.org/maven2/com/google/j2objc/j2objc-annotations/1.3/j2objc-annotations-1.3.jar"
                        },
                        {
                            "name": "j2objc-annotations",
                            "classifier": "sources",
                            "path": "/home/ghyla/.cache/coursier/v1/https/repo1.maven.org/maven2/com/google/j2objc/j2objc-annotations/1.3/j2objc-annotations-1.3-sources.jar"
                        }
                    ]
                },
                {
                    "organization": "jakarta.activation",
                    "name": "jakarta.activation-api",
                    "version": "1.2.2",
                    "configurations": "default",
                    "artifacts": [
                        {
                            "name": "jakarta.activation-api",
                            "path": "/home/ghyla/.cache/coursier/v1/https/repo1.maven.org/maven2/jakarta/activation/jakarta.activation-api/1.2.2/jakarta.activation-api-1.2.2.jar"
                        },
                        {
                            "name": "jakarta.activation-api",
                            "classifier": "sources",
                            "path": "/home/ghyla/.cache/coursier/v1/https/repo1.maven.org/maven2/jakarta/activation/jakarta.activation-api/1.2.2/jakarta.activation-api-1.2.2-sources.jar"
                        }
                    ]
                },
                {
                    "organization": "com.typesafe.akka",
                    "name": "akka-protobuf-v3_2.13",
                    "version": "2.6.21",
                    "configurations": "default",
                    "artifacts": [
                        {
                            "name": "akka-protobuf-v3_2.13",
                            "path": "/home/ghyla/.cache/coursier/v1/https/repo1.maven.org/maven2/com/typesafe/akka/akka-protobuf-v3_2.13/2.6.21/akka-protobuf-v3_2.13-2.6.21.jar"
                        },
                        {
                            "name": "akka-protobuf-v3_2.13",
                            "classifier": "sources",
                            "path": "/home/ghyla/.cache/coursier/v1/https/repo1.maven.org/maven2/com/typesafe/akka/akka-protobuf-v3_2.13/2.6.21/akka-protobuf-v3_2.13-2.6.21-sources.jar"
                        }
                    ]
                },
                {
                    "organization": "com.fasterxml.jackson.module",
                    "name": "jackson-module-paranamer",
                    "version": "2.11.4",
                    "configurations": "default",
                    "artifacts": [
                        {
                            "name": "jackson-module-paranamer",
                            "path": "/home/ghyla/.cache/coursier/v1/https/repo1.maven.org/maven2/com/fasterxml/jackson/module/jackson-module-paranamer/2.11.4/jackson-module-paranamer-2.11.4.jar"
                        },
                        {
                            "name": "jackson-module-paranamer",
                            "classifier": "sources",
                            "path": "/home/ghyla/.cache/coursier/v1/https/repo1.maven.org/maven2/com/fasterxml/jackson/module/jackson-module-paranamer/2.11.4/jackson-module-paranamer-2.11.4-sources.jar"
                        }
                    ]
                },
                {
                    "organization": "com.thoughtworks.paranamer",
                    "name": "paranamer",
                    "version": "2.8",
                    "configurations": "default",
                    "artifacts": [
                        {
                            "name": "paranamer",
                            "path": "/home/ghyla/.cache/coursier/v1/https/repo1.maven.org/maven2/com/thoughtworks/paranamer/paranamer/2.8/paranamer-2.8.jar"
                        },
                        {
                            "name": "paranamer",
                            "classifier": "sources",
                            "path": "/home/ghyla/.cache/coursier/v1/https/repo1.maven.org/maven2/com/thoughtworks/paranamer/paranamer/2.8/paranamer-2.8-sources.jar"
                        }
                    ]
                },
                {
                    "organization": "org.scala-lang",
                    "name": "scala-library",
                    "version": "2.13.12",
                    "configurations": "optional",
                    "artifacts": [
                        {
                            "name": "scala-library",
                            "path": "/home/ghyla/.cache/coursier/v1/https/repo1.maven.org/maven2/org/scala-lang/scala-library/2.13.12/scala-library-2.13.12.jar"
                        },
                        {
                            "name": "scala-library",
                            "classifier": "sources",
                            "path": "/home/ghyla/.cache/coursier/v1/https/repo1.maven.org/maven2/org/scala-lang/scala-library/2.13.12/scala-library-2.13.12-sources.jar"
                        }
                    ]
                }
            ]
        },
        "tags": [
            "library"
        ]
    }
}